{
  "IcoMoonType": "selection",
  "icons": [
    {
      "icon": {
        "paths": [
          "M870.4 51.2h-716.8c-56.32 0-102.4 46.080-102.4 102.4v716.8c0 56.371 46.080 102.4 102.4 102.4h358.4v-358.4h-102.4v-126.72h102.4v-104.96c0-110.797 62.054-188.621 192.819-188.621l92.314 0.102v133.376h-61.286c-50.893 0-70.246 38.195-70.246 73.626v86.528h131.482l-29.082 126.669h-102.4v358.4h204.8c56.32 0 102.4-46.029 102.4-102.4v-716.8c0-56.32-46.080-102.4-102.4-102.4z"
        ],
        "attrs": [],
        "isMulticolor": false,
        "isMulticolor2": false,
        "tags": [
          "facebook"
        ],
        "grid": 20
      },
      "attrs": [],
      "properties": {
        "id": 360,
        "order": 3,
        "prevSize": 20,
        "name": "facebook"
      },
      "setIdx": 0,
      "setId": 2,
      "iconIdx": 359
    },
    {
      "icon": {
        "paths": [
          "M886.579 319.795c0.41 8.294 0.563 16.691 0.563 24.986 0 255.488-194.406 549.99-549.888 549.99-109.21 0-210.739-32-296.294-86.886 15.155 1.792 30.515 2.714 46.080 2.714 90.624 0 173.926-30.925 240.026-82.688-84.531-1.587-155.955-57.395-180.531-134.195 11.776 2.202 23.91 3.379 36.352 3.379 17.664 0 34.765-2.304 50.944-6.707-88.422-17.818-155.034-95.898-155.034-189.594 0-0.819 0-1.587 0-2.406 26.061 14.49 55.91 23.194 87.552 24.218-51.866-34.714-86.016-93.798-86.016-160.922 0-35.379 9.523-68.608 26.214-97.178 95.283 116.992 237.773 193.894 398.387 201.984-3.277-14.182-4.966-28.877-4.966-44.083 0-106.701 86.477-193.178 193.229-193.178 55.603 0 105.83 23.398 141.107 60.979 43.981-8.704 85.35-24.781 122.726-46.899-14.438 45.107-45.107 82.995-84.992 106.906 39.117-4.71 76.288-15.002 111.002-30.413-25.907 38.81-58.675 72.806-96.461 99.994z"
        ],
        "attrs": [],
        "isMulticolor": false,
        "isMulticolor2": false,
        "tags": [
          "twitter"
        ],
        "grid": 20
      },
      "attrs": [],
      "properties": {
        "id": 381,
        "order": 2,
        "prevSize": 20,
        "name": "twitter"
      },
      "setIdx": 0,
      "setId": 2,
      "iconIdx": 380
    },
    {
      "icon": {
        "paths": [
          "M968.192 299.008c-51.507 295.578-339.2 545.792-425.728 602.982-86.528 57.088-165.53-22.886-194.15-83.507-32.819-68.966-131.021-443.187-156.774-474.163-25.754-31.027-102.912 30.976-102.912 30.976l-37.427-49.971c0 0 156.723-190.72 276.019-214.579 126.464-25.242 126.259 197.837 156.672 321.638 29.389 119.91 49.203 188.416 74.906 188.416s74.854-66.816 128.614-169.216c53.914-102.605-2.304-193.126-107.571-128.717 42.138-257.382 439.859-319.283 388.352-23.859z"
        ],
        "attrs": [],
        "isMulticolor": false,
        "isMulticolor2": false,
        "tags": [
          "vimeo"
        ],
        "grid": 20
      },
      "attrs": [],
      "properties": {
        "id": 383,
        "order": 5,
        "prevSize": 20,
        "name": "vimeo"
      },
      "setIdx": 0,
      "setId": 2,
      "iconIdx": 382
    },
    {
      "icon": {
        "paths": [
          "M512 117.76c-503.194 0-512 44.749-512 394.24s8.806 394.24 512 394.24 512-44.749 512-394.24-8.806-394.24-512-394.24zM676.096 529.101l-229.888 107.315c-20.122 9.318-36.608-1.126-36.608-23.347v-202.138c0-22.17 16.486-32.666 36.608-23.347l229.888 107.315c20.122 9.421 20.122 24.781 0 34.202z"
        ],
        "attrs": [],
        "isMulticolor": false,
        "isMulticolor2": false,
        "tags": [
          "youtube"
        ],
        "grid": 20
      },
      "attrs": [],
      "properties": {
        "id": 385,
        "order": 4,
        "prevSize": 20,
        "name": "youtube"
      },
      "setIdx": 0,
      "setId": 2,
      "iconIdx": 384
    }
  ],
  "height": 1024,
  "preferences": {
    "showGlyphs": true,
    "showQuickUse": true,
    "showQuickUse2": true,
    "showSVGs": true,
    "fontPref": {
      "prefix": "icon-",
      "metadata": {
        "fontFamily": "icomoon"
      },
      "metrics": {
        "emSize": 1024,
        "baseline": 6.25,
        "whitespace": 50
      },
      "embed": false
    },
    "imagePref": {
      "prefix": "icon-",
      "png": false,
      "useClassSelector": true,
      "color": 0,
      "bgColor": 16777215,
      "classSelector": ".icon",
      "name": "icomoon",
      "height": 32,
      "columns": 16,
      "margin": 16
    },
    "historySize": 50,
    "showCodes": true,
    "gridSize": 16
  }
}